seed,split,job_id,candidate_unordered_pairs,near_ties_removed,eligible_pairs,eligible_hard_negatives,selected_pairs,selected_hard_negatives
11,train,JOB_10046,4950,1756,3194,2792,150,150
11,train,JOB_10117,4950,1260,3690,3093,150,150
11,train,JOB_10204,4950,2163,2787,1760,150,150
11,train,JOB_10330,4950,3220,1730,1180,150,150
11,train,JOB_10337,4950,2482,2468,1442,150,150
11,train,JOB_10339,4950,4203,747,331,150,150
11,train,JOB_10451,4950,1023,3927,3599,150,150
11,train,JOB_10452,4950,1373,3577,2875,150,150
11,train,JOB_10526,4950,1758,3192,2665,150,150
11,train,JOB_10642,4950,4038,912,388,150,150
11,train,JOB_10815,4950,3237,1713,1143,150,150
11,train,JOB_10892,4950,1396,3554,3377,150,150
11,train,JOB_11087,4950,3464,1486,986,150,150
11,train,JOB_11097,4950,1456,3494,3088,150,150
11,train,JOB_11526,4950,1264,3686,3244,150,150
11,train,JOB_11755,4950,2050,2900,2383,150,150
11,train,JOB_11854,4950,2197,2753,2198,150,150
11,train,JOB_11861,4950,1277,3673,2922,150,150
11,train,JOB_11897,4950,2942,2008,1614,150,150
11,train,JOB_11973,4950,3370,1580,1040,150,150
11,train,JOB_12087,4950,1456,3494,2558,150,150
11,train,JOB_12093,4950,3218,1732,1111,150,150
11,train,JOB_12097,4950,2656,2294,972,150,150
11,train,JOB_12302,4950,2332,2618,1682,150,150
11,train,JOB_12962,4950,3687,1263,768,150,150
11,train,JOB_13121,4950,2304,2646,1219,150,150
11,train,JOB_13209,4950,2480,2470,1770,150,150
11,train,JOB_13315,4950,4583,367,214,150,150
11,train,JOB_13526,4950,3155,1795,1103,150,150
11,train,JOB_13832,4950,4950,0,0,0,0
11,train,JOB_14044,4950,4562,388,184,150,150
11,train,JOB_14098,4950,1485,3465,2700,150,150
11,train,JOB_14292,4950,1998,2952,2281,150,150
11,train,JOB_14384,4950,1848,3102,2955,150,150
11,train,JOB_1662,4950,4466,484,274,150,150
11,train,JOB_1695,4950,2292,2658,2181,150,150
11,train,JOB_1726,4950,1794,3156,2477,150,150
11,train,JOB_181,4950,2941,2009,1393,150,150
11,train,JOB_2031,4950,2636,2314,1966,150,150
11,train,JOB_2131,4950,1721,3229,2366,150,150
11,train,JOB_2300,4950,3032,1918,1191,150,150
11,train,JOB_2418,4950,4950,0,0,0,0
11,train,JOB_2464,4950,2866,2084,1391,150,150
11,train,JOB_2783,4950,1617,3333,2360,150,150
11,train,JOB_2808,4950,4376,574,252,150,150
11,train,JOB_2814,4950,2960,1990,1030,150,150
11,train,JOB_2947,4950,2727,2223,1293,150,150
11,train,JOB_2967,4950,4950,0,0,0,0
11,train,JOB_302,4950,2058,2892,2355,150,150
11,train,JOB_3027,4950,3581,1369,710,150,150
11,train,JOB_3037,4950,2011,2939,2624,150,150
11,train,JOB_3102,4950,976,3974,3737,150,150
11,train,JOB_3123,4950,1972,2978,2536,150,150
11,train,JOB_3311,4950,4390,560,314,150,150
11,train,JOB_369,4950,2973,1977,1327,150,150
11,train,JOB_3701,4950,4003,947,429,150,150
11,train,JOB_3845,4950,2859,2091,988,150,150
11,train,JOB_3850,4950,4685,265,241,150,150
11,train,JOB_3898,4950,4686,264,119,150,119
11,train,JOB_3899,4950,3219,1731,1593,150,150
11,train,JOB_3962,4950,1406,3544,2986,150,150
11,train,JOB_3992,4950,2842,2108,1838,150,150
11,train,JOB_4016,4950,1633,3317,2816,150,150
11,train,JOB_4111,4950,2277,2673,2009,150,150
11,train,JOB_4315,4950,2761,2189,1511,150,150
11,train,JOB_4758,4950,4950,0,0,0,0
11,train,JOB_4901,4950,2852,2098,1035,150,150
11,train,JOB_5037,4950,2260,2690,1820,150,150
11,train,JOB_5132,4950,3440,1510,516,150,150
11,train,JOB_530,4950,2965,1985,892,150,150
11,train,JOB_5384,4950,2392,2558,1913,150,150
11,train,JOB_5437,4950,3432,1518,916,150,150
11,train,JOB_5506,4950,1640,3310,2281,150,150
11,train,JOB_5596,4950,2458,2492,1395,150,150
11,train,JOB_5695,4950,3596,1354,720,150,150
11,train,JOB_5802,4950,1103,3847,3468,150,150
11,train,JOB_5912,4950,3023,1927,1260,150,150
11,train,JOB_5933,4950,2955,1995,1372,150,150
11,train,JOB_6023,4950,4143,807,438,150,150
11,train,JOB_6093,4950,2011,2939,2404,150,150
11,train,JOB_6405,4950,3807,1143,649,150,150
11,train,JOB_6573,4950,2496,2454,827,150,150
11,train,JOB_6758,4950,4950,0,0,0,0
11,train,JOB_6822,4950,2449,2501,1913,150,150
11,train,JOB_7032,4950,1660,3290,2096,150,150
11,train,JOB_7122,4950,1598,3352,2736,150,150
11,train,JOB_7295,4950,3126,1824,1212,150,150
11,train,JOB_7460,4950,1515,3435,3111,150,150
11,train,JOB_7528,4950,1486,3464,2992,150,150
11,train,JOB_7546,4950,1444,3506,2670,150,150
11,train,JOB_7553,4950,2004,2946,2478,150,150
11,train,JOB_7568,4950,4753,197,117,150,117
11,train,JOB_8210,4950,2150,2800,2381,150,150
11,train,JOB_8228,4950,3279,1671,1396,150,150
11,train,JOB_8372,4950,3787,1163,474,150,150
11,train,JOB_8387,4950,2083,2867,2140,150,150
11,train,JOB_848,4950,2528,2422,1678,150,150
11,train,JOB_874,4950,3661,1289,795,150,150
11,train,JOB_8808,4950,4851,99,49,99,49
11,train,JOB_8838,4950,1923,3027,2227,150,150
11,train,JOB_8858,4950,2406,2544,635,150,150
11,train,JOB_8941,4950,3011,1939,1243,150,150
11,train,JOB_8988,4950,2082,2868,2037,150,150
11,train,JOB_8997,4950,1156,3794,3543,150,150
11,train,JOB_8998,4950,2848,2102,1290,150,150
11,train,JOB_914,4950,3396,1554,1165,150,150
11,train,JOB_9284,4950,4283,667,422,150,150
11,train,JOB_9406,4950,2360,2590,1871,150,150
11,train,JOB_9429,4950,2132,2818,2275,150,150
11,train,JOB_9586,4950,1876,3074,2590,150,150
11,train,JOB_9659,4950,1997,2953,1755,150,150
11,train,JOB_9765,4950,2481,2469,1611,150,150
11,validation,JOB_10201,4950,1216,3734,3119,150,150
11,validation,JOB_10371,4950,3304,1646,1511,150,150
11,validation,JOB_10677,4950,2550,2400,2040,150,150
11,validation,JOB_10950,4950,2348,2602,1949,150,150
11,validation,JOB_13794,4950,1179,3771,3647,150,150
11,validation,JOB_2081,4950,1730,3220,2800,150,150
11,validation,JOB_2327,4950,1610,3340,2734,150,150
11,validation,JOB_2628,4950,1729,3221,848,150,150
11,validation,JOB_2688,4950,1620,3330,2854,150,150
11,validation,JOB_2921,4950,4562,388,224,150,150
11,validation,JOB_3222,4950,2026,2924,2203,150,150
11,validation,JOB_4001,4950,2906,2044,635,150,150
11,validation,JOB_4626,4950,2138,2812,1416,150,150
11,validation,JOB_4798,4950,3598,1352,666,150,150
11,validation,JOB_5860,4950,1813,3137,2456,150,150
11,validation,JOB_6011,4950,1626,3324,2567,150,150
11,validation,JOB_6163,4950,4198,752,432,150,150
11,validation,JOB_7214,4950,1578,3372,2819,150,150
11,validation,JOB_8277,4950,1876,3074,2497,150,150
11,validation,JOB_8510,4950,2097,2853,2482,150,150
11,validation,JOB_8814,4950,1329,3621,3240,150,150
11,validation,JOB_896,4950,1634,3316,2550,150,150
11,validation,JOB_8984,4950,3677,1273,863,150,150
11,validation,JOB_9693,4950,1479,3471,3192,150,150
23,train,JOB_10046,4950,1756,3194,2792,150,150
23,train,JOB_10117,4950,1260,3690,3093,150,150
23,train,JOB_10204,4950,2163,2787,1760,150,150
23,train,JOB_10330,4950,3220,1730,1180,150,150
23,train,JOB_10337,4950,2482,2468,1442,150,150
23,train,JOB_10339,4950,4203,747,331,150,150
23,train,JOB_10451,4950,1023,3927,3599,150,150
23,train,JOB_10452,4950,1373,3577,2875,150,150
23,train,JOB_10526,4950,1758,3192,2665,150,150
23,train,JOB_10642,4950,4038,912,388,150,150
23,train,JOB_10815,4950,3237,1713,1143,150,150
23,train,JOB_10892,4950,1396,3554,3377,150,150
23,train,JOB_11087,4950,3464,1486,986,150,150
23,train,JOB_11097,4950,1456,3494,3088,150,150
23,train,JOB_11526,4950,1264,3686,3244,150,150
23,train,JOB_11755,4950,2050,2900,2383,150,150
23,train,JOB_11854,4950,2197,2753,2198,150,150
23,train,JOB_11861,4950,1277,3673,2922,150,150
23,train,JOB_11897,4950,2942,2008,1614,150,150
23,train,JOB_11973,4950,3370,1580,1040,150,150
23,train,JOB_12087,4950,1456,3494,2558,150,150
23,train,JOB_12093,4950,3218,1732,1111,150,150
23,train,JOB_12097,4950,2656,2294,972,150,150
23,train,JOB_12302,4950,2332,2618,1682,150,150
23,train,JOB_12962,4950,3687,1263,768,150,150
23,train,JOB_13121,4950,2304,2646,1219,150,150
23,train,JOB_13209,4950,2480,2470,1770,150,150
23,train,JOB_13315,4950,4583,367,214,150,150
23,train,JOB_13526,4950,3155,1795,1103,150,150
23,train,JOB_13832,4950,4950,0,0,0,0
23,train,JOB_14044,4950,4562,388,184,150,150
23,train,JOB_14098,4950,1485,3465,2700,150,150
23,train,JOB_14292,4950,1998,2952,2281,150,150
23,train,JOB_14384,4950,1848,3102,2955,150,150
23,train,JOB_1662,4950,4466,484,274,150,150
23,train,JOB_1695,4950,2292,2658,2181,150,150
23,train,JOB_1726,4950,1794,3156,2477,150,150
23,train,JOB_181,4950,2941,2009,1393,150,150
23,train,JOB_2031,4950,2636,2314,1966,150,150
23,train,JOB_2131,4950,1721,3229,2366,150,150
23,train,JOB_2300,4950,3032,1918,1191,150,150
23,train,JOB_2418,4950,4950,0,0,0,0
23,train,JOB_2464,4950,2866,2084,1391,150,150
23,train,JOB_2783,4950,1617,3333,2360,150,150
23,train,JOB_2808,4950,4376,574,252,150,150
23,train,JOB_2814,4950,2960,1990,1030,150,150
23,train,JOB_2947,4950,2727,2223,1293,150,150
23,train,JOB_2967,4950,4950,0,0,0,0
23,train,JOB_302,4950,2058,2892,2355,150,150
23,train,JOB_3027,4950,3581,1369,710,150,150
23,train,JOB_3037,4950,2011,2939,2624,150,150
23,train,JOB_3102,4950,976,3974,3737,150,150
23,train,JOB_3123,4950,1972,2978,2536,150,150
23,train,JOB_3311,4950,4390,560,314,150,150
23,train,JOB_369,4950,2973,1977,1327,150,150
23,train,JOB_3701,4950,4003,947,429,150,150
23,train,JOB_3845,4950,2859,2091,988,150,150
23,train,JOB_3850,4950,4685,265,241,150,150
23,train,JOB_3898,4950,4686,264,119,150,119
23,train,JOB_3899,4950,3219,1731,1593,150,150
23,train,JOB_3962,4950,1406,3544,2986,150,150
23,train,JOB_3992,4950,2842,2108,1838,150,150
23,train,JOB_4016,4950,1633,3317,2816,150,150
23,train,JOB_4111,4950,2277,2673,2009,150,150
23,train,JOB_4315,4950,2761,2189,1511,150,150
23,train,JOB_4758,4950,4950,0,0,0,0
23,train,JOB_4901,4950,2852,2098,1035,150,150
23,train,JOB_5037,4950,2260,2690,1820,150,150
23,train,JOB_5132,4950,3440,1510,516,150,150
23,train,JOB_530,4950,2965,1985,892,150,150
23,train,JOB_5384,4950,2392,2558,1913,150,150
23,train,JOB_5437,4950,3432,1518,916,150,150
23,train,JOB_5506,4950,1640,3310,2281,150,150
23,train,JOB_5596,4950,2458,2492,1395,150,150
23,train,JOB_5695,4950,3596,1354,720,150,150
23,train,JOB_5802,4950,1103,3847,3468,150,150
23,train,JOB_5912,4950,3023,1927,1260,150,150
23,train,JOB_5933,4950,2955,1995,1372,150,150
23,train,JOB_6023,4950,4143,807,438,150,150
23,train,JOB_6093,4950,2011,2939,2404,150,150
23,train,JOB_6405,4950,3807,1143,649,150,150
23,train,JOB_6573,4950,2496,2454,827,150,150
23,train,JOB_6758,4950,4950,0,0,0,0
23,train,JOB_6822,4950,2449,2501,1913,150,150
23,train,JOB_7032,4950,1660,3290,2096,150,150
23,train,JOB_7122,4950,1598,3352,2736,150,150
23,train,JOB_7295,4950,3126,1824,1212,150,150
23,train,JOB_7460,4950,1515,3435,3111,150,150
23,train,JOB_7528,4950,1486,3464,2992,150,150
23,train,JOB_7546,4950,1444,3506,2670,150,150
23,train,JOB_7553,4950,2004,2946,2478,150,150
23,train,JOB_7568,4950,4753,197,117,150,117
23,train,JOB_8210,4950,2150,2800,2381,150,150
23,train,JOB_8228,4950,3279,1671,1396,150,150
23,train,JOB_8372,4950,3787,1163,474,150,150
23,train,JOB_8387,4950,2083,2867,2140,150,150
23,train,JOB_848,4950,2528,2422,1678,150,150
23,train,JOB_874,4950,3661,1289,795,150,150
23,train,JOB_8808,4950,4851,99,49,99,49
23,train,JOB_8838,4950,1923,3027,2227,150,150
23,train,JOB_8858,4950,2406,2544,635,150,150
23,train,JOB_8941,4950,3011,1939,1243,150,150
23,train,JOB_8988,4950,2082,2868,2037,150,150
23,train,JOB_8997,4950,1156,3794,3543,150,150
23,train,JOB_8998,4950,2848,2102,1290,150,150
23,train,JOB_914,4950,3396,1554,1165,150,150
23,train,JOB_9284,4950,4283,667,422,150,150
23,train,JOB_9406,4950,2360,2590,1871,150,150
23,train,JOB_9429,4950,2132,2818,2275,150,150
23,train,JOB_9586,4950,1876,3074,2590,150,150
23,train,JOB_9659,4950,1997,2953,1755,150,150
23,train,JOB_9765,4950,2481,2469,1611,150,150
23,validation,JOB_10201,4950,1216,3734,3119,150,150
23,validation,JOB_10371,4950,3304,1646,1511,150,150
23,validation,JOB_10677,4950,2550,2400,2040,150,150
23,validation,JOB_10950,4950,2348,2602,1949,150,150
23,validation,JOB_13794,4950,1179,3771,3647,150,150
23,validation,JOB_2081,4950,1730,3220,2800,150,150
23,validation,JOB_2327,4950,1610,3340,2734,150,150
23,validation,JOB_2628,4950,1729,3221,848,150,150
23,validation,JOB_2688,4950,1620,3330,2854,150,150
23,validation,JOB_2921,4950,4562,388,224,150,150
23,validation,JOB_3222,4950,2026,2924,2203,150,150
23,validation,JOB_4001,4950,2906,2044,635,150,150
23,validation,JOB_4626,4950,2138,2812,1416,150,150
23,validation,JOB_4798,4950,3598,1352,666,150,150
23,validation,JOB_5860,4950,1813,3137,2456,150,150
23,validation,JOB_6011,4950,1626,3324,2567,150,150
23,validation,JOB_6163,4950,4198,752,432,150,150
23,validation,JOB_7214,4950,1578,3372,2819,150,150
23,validation,JOB_8277,4950,1876,3074,2497,150,150
23,validation,JOB_8510,4950,2097,2853,2482,150,150
23,validation,JOB_8814,4950,1329,3621,3240,150,150
23,validation,JOB_896,4950,1634,3316,2550,150,150
23,validation,JOB_8984,4950,3677,1273,863,150,150
23,validation,JOB_9693,4950,1479,3471,3192,150,150
42,train,JOB_10046,4950,1756,3194,2792,150,150
42,train,JOB_10117,4950,1260,3690,3093,150,150
42,train,JOB_10204,4950,2163,2787,1760,150,150
42,train,JOB_10330,4950,3220,1730,1180,150,150
42,train,JOB_10337,4950,2482,2468,1442,150,150
42,train,JOB_10339,4950,4203,747,331,150,150
42,train,JOB_10451,4950,1023,3927,3599,150,150
42,train,JOB_10452,4950,1373,3577,2875,150,150
42,train,JOB_10526,4950,1758,3192,2665,150,150
42,train,JOB_10642,4950,4038,912,388,150,150
42,train,JOB_10815,4950,3237,1713,1143,150,150
42,train,JOB_10892,4950,1396,3554,3377,150,150
42,train,JOB_11087,4950,3464,1486,986,150,150
42,train,JOB_11097,4950,1456,3494,3088,150,150
42,train,JOB_11526,4950,1264,3686,3244,150,150
42,train,JOB_11755,4950,2050,2900,2383,150,150
42,train,JOB_11854,4950,2197,2753,2198,150,150
42,train,JOB_11861,4950,1277,3673,2922,150,150
42,train,JOB_11897,4950,2942,2008,1614,150,150
42,train,JOB_11973,4950,3370,1580,1040,150,150
42,train,JOB_12087,4950,1456,3494,2558,150,150
42,train,JOB_12093,4950,3218,1732,1111,150,150
42,train,JOB_12097,4950,2656,2294,972,150,150
42,train,JOB_12302,4950,2332,2618,1682,150,150
42,train,JOB_12962,4950,3687,1263,768,150,150
42,train,JOB_13121,4950,2304,2646,1219,150,150
42,train,JOB_13209,4950,2480,2470,1770,150,150
42,train,JOB_13315,4950,4583,367,214,150,150
42,train,JOB_13526,4950,3155,1795,1103,150,150
42,train,JOB_13832,4950,4950,0,0,0,0
42,train,JOB_14044,4950,4562,388,184,150,150
42,train,JOB_14098,4950,1485,3465,2700,150,150
42,train,JOB_14292,4950,1998,2952,2281,150,150
42,train,JOB_14384,4950,1848,3102,2955,150,150
42,train,JOB_1662,4950,4466,484,274,150,150
42,train,JOB_1695,4950,2292,2658,2181,150,150
42,train,JOB_1726,4950,1794,3156,2477,150,150
42,train,JOB_181,4950,2941,2009,1393,150,150
42,train,JOB_2031,4950,2636,2314,1966,150,150
42,train,JOB_2131,4950,1721,3229,2366,150,150
42,train,JOB_2300,4950,3032,1918,1191,150,150
42,train,JOB_2418,4950,4950,0,0,0,0
42,train,JOB_2464,4950,2866,2084,1391,150,150
42,train,JOB_2783,4950,1617,3333,2360,150,150
42,train,JOB_2808,4950,4376,574,252,150,150
42,train,JOB_2814,4950,2960,1990,1030,150,150
42,train,JOB_2947,4950,2727,2223,1293,150,150
42,train,JOB_2967,4950,4950,0,0,0,0
42,train,JOB_302,4950,2058,2892,2355,150,150
42,train,JOB_3027,4950,3581,1369,710,150,150
42,train,JOB_3037,4950,2011,2939,2624,150,150
42,train,JOB_3102,4950,976,3974,3737,150,150
42,train,JOB_3123,4950,1972,2978,2536,150,150
42,train,JOB_3311,4950,4390,560,314,150,150
42,train,JOB_369,4950,2973,1977,1327,150,150
42,train,JOB_3701,4950,4003,947,429,150,150
42,train,JOB_3845,4950,2859,2091,988,150,150
42,train,JOB_3850,4950,4685,265,241,150,150
42,train,JOB_3898,4950,4686,264,119,150,119
42,train,JOB_3899,4950,3219,1731,1593,150,150
42,train,JOB_3962,4950,1406,3544,2986,150,150
42,train,JOB_3992,4950,2842,2108,1838,150,150
42,train,JOB_4016,4950,1633,3317,2816,150,150
42,train,JOB_4111,4950,2277,2673,2009,150,150
42,train,JOB_4315,4950,2761,2189,1511,150,150
42,train,JOB_4758,4950,4950,0,0,0,0
42,train,JOB_4901,4950,2852,2098,1035,150,150
42,train,JOB_5037,4950,2260,2690,1820,150,150
42,train,JOB_5132,4950,3440,1510,516,150,150
42,train,JOB_530,4950,2965,1985,892,150,150
42,train,JOB_5384,4950,2392,2558,1913,150,150
42,train,JOB_5437,4950,3432,1518,916,150,150
42,train,JOB_5506,4950,1640,3310,2281,150,150
42,train,JOB_5596,4950,2458,2492,1395,150,150
42,train,JOB_5695,4950,3596,1354,720,150,150
42,train,JOB_5802,4950,1103,3847,3468,150,150
42,train,JOB_5912,4950,3023,1927,1260,150,150
42,train,JOB_5933,4950,2955,1995,1372,150,150
42,train,JOB_6023,4950,4143,807,438,150,150
42,train,JOB_6093,4950,2011,2939,2404,150,150
42,train,JOB_6405,4950,3807,1143,649,150,150
42,train,JOB_6573,4950,2496,2454,827,150,150
42,train,JOB_6758,4950,4950,0,0,0,0
42,train,JOB_6822,4950,2449,2501,1913,150,150
42,train,JOB_7032,4950,1660,3290,2096,150,150
42,train,JOB_7122,4950,1598,3352,2736,150,150
42,train,JOB_7295,4950,3126,1824,1212,150,150
42,train,JOB_7460,4950,1515,3435,3111,150,150
42,train,JOB_7528,4950,1486,3464,2992,150,150
42,train,JOB_7546,4950,1444,3506,2670,150,150
42,train,JOB_7553,4950,2004,2946,2478,150,150
42,train,JOB_7568,4950,4753,197,117,150,117
42,train,JOB_8210,4950,2150,2800,2381,150,150
42,train,JOB_8228,4950,3279,1671,1396,150,150
42,train,JOB_8372,4950,3787,1163,474,150,150
42,train,JOB_8387,4950,2083,2867,2140,150,150
42,train,JOB_848,4950,2528,2422,1678,150,150
42,train,JOB_874,4950,3661,1289,795,150,150
42,train,JOB_8808,4950,4851,99,49,99,49
42,train,JOB_8838,4950,1923,3027,2227,150,150
42,train,JOB_8858,4950,2406,2544,635,150,150
42,train,JOB_8941,4950,3011,1939,1243,150,150
42,train,JOB_8988,4950,2082,2868,2037,150,150
42,train,JOB_8997,4950,1156,3794,3543,150,150
42,train,JOB_8998,4950,2848,2102,1290,150,150
42,train,JOB_914,4950,3396,1554,1165,150,150
42,train,JOB_9284,4950,4283,667,422,150,150
42,train,JOB_9406,4950,2360,2590,1871,150,150
42,train,JOB_9429,4950,2132,2818,2275,150,150
42,train,JOB_9586,4950,1876,3074,2590,150,150
42,train,JOB_9659,4950,1997,2953,1755,150,150
42,train,JOB_9765,4950,2481,2469,1611,150,150
42,validation,JOB_10201,4950,1216,3734,3119,150,150
42,validation,JOB_10371,4950,3304,1646,1511,150,150
42,validation,JOB_10677,4950,2550,2400,2040,150,150
42,validation,JOB_10950,4950,2348,2602,1949,150,150
42,validation,JOB_13794,4950,1179,3771,3647,150,150
42,validation,JOB_2081,4950,1730,3220,2800,150,150
42,validation,JOB_2327,4950,1610,3340,2734,150,150
42,validation,JOB_2628,4950,1729,3221,848,150,150
42,validation,JOB_2688,4950,1620,3330,2854,150,150
42,validation,JOB_2921,4950,4562,388,224,150,150
42,validation,JOB_3222,4950,2026,2924,2203,150,150
42,validation,JOB_4001,4950,2906,2044,635,150,150
42,validation,JOB_4626,4950,2138,2812,1416,150,150
42,validation,JOB_4798,4950,3598,1352,666,150,150
42,validation,JOB_5860,4950,1813,3137,2456,150,150
42,validation,JOB_6011,4950,1626,3324,2567,150,150
42,validation,JOB_6163,4950,4198,752,432,150,150
42,validation,JOB_7214,4950,1578,3372,2819,150,150
42,validation,JOB_8277,4950,1876,3074,2497,150,150
42,validation,JOB_8510,4950,2097,2853,2482,150,150
42,validation,JOB_8814,4950,1329,3621,3240,150,150
42,validation,JOB_896,4950,1634,3316,2550,150,150
42,validation,JOB_8984,4950,3677,1273,863,150,150
42,validation,JOB_9693,4950,1479,3471,3192,150,150
67,train,JOB_10046,4950,1756,3194,2792,150,150
67,train,JOB_10117,4950,1260,3690,3093,150,150
67,train,JOB_10204,4950,2163,2787,1760,150,150
67,train,JOB_10330,4950,3220,1730,1180,150,150
67,train,JOB_10337,4950,2482,2468,1442,150,150
67,train,JOB_10339,4950,4203,747,331,150,150
67,train,JOB_10451,4950,1023,3927,3599,150,150
67,train,JOB_10452,4950,1373,3577,2875,150,150
67,train,JOB_10526,4950,1758,3192,2665,150,150
67,train,JOB_10642,4950,4038,912,388,150,150
67,train,JOB_10815,4950,3237,1713,1143,150,150
67,train,JOB_10892,4950,1396,3554,3377,150,150
67,train,JOB_11087,4950,3464,1486,986,150,150
67,train,JOB_11097,4950,1456,3494,3088,150,150
67,train,JOB_11526,4950,1264,3686,3244,150,150
67,train,JOB_11755,4950,2050,2900,2383,150,150
67,train,JOB_11854,4950,2197,2753,2198,150,150
67,train,JOB_11861,4950,1277,3673,2922,150,150
67,train,JOB_11897,4950,2942,2008,1614,150,150
67,train,JOB_11973,4950,3370,1580,1040,150,150
67,train,JOB_12087,4950,1456,3494,2558,150,150
67,train,JOB_12093,4950,3218,1732,1111,150,150
67,train,JOB_12097,4950,2656,2294,972,150,150
67,train,JOB_12302,4950,2332,2618,1682,150,150
67,train,JOB_12962,4950,3687,1263,768,150,150
67,train,JOB_13121,4950,2304,2646,1219,150,150
67,train,JOB_13209,4950,2480,2470,1770,150,150
67,train,JOB_13315,4950,4583,367,214,150,150
67,train,JOB_13526,4950,3155,1795,1103,150,150
67,train,JOB_13832,4950,4950,0,0,0,0
67,train,JOB_14044,4950,4562,388,184,150,150
67,train,JOB_14098,4950,1485,3465,2700,150,150
67,train,JOB_14292,4950,1998,2952,2281,150,150
67,train,JOB_14384,4950,1848,3102,2955,150,150
67,train,JOB_1662,4950,4466,484,274,150,150
67,train,JOB_1695,4950,2292,2658,2181,150,150
67,train,JOB_1726,4950,1794,3156,2477,150,150
67,train,JOB_181,4950,2941,2009,1393,150,150
67,train,JOB_2031,4950,2636,2314,1966,150,150
67,train,JOB_2131,4950,1721,3229,2366,150,150
67,train,JOB_2300,4950,3032,1918,1191,150,150
67,train,JOB_2418,4950,4950,0,0,0,0
67,train,JOB_2464,4950,2866,2084,1391,150,150
67,train,JOB_2783,4950,1617,3333,2360,150,150
67,train,JOB_2808,4950,4376,574,252,150,150
67,train,JOB_2814,4950,2960,1990,1030,150,150
67,train,JOB_2947,4950,2727,2223,1293,150,150
67,train,JOB_2967,4950,4950,0,0,0,0
67,train,JOB_302,4950,2058,2892,2355,150,150
67,train,JOB_3027,4950,3581,1369,710,150,150
67,train,JOB_3037,4950,2011,2939,2624,150,150
67,train,JOB_3102,4950,976,3974,3737,150,150
67,train,JOB_3123,4950,1972,2978,2536,150,150
67,train,JOB_3311,4950,4390,560,314,150,150
67,train,JOB_369,4950,2973,1977,1327,150,150
67,train,JOB_3701,4950,4003,947,429,150,150
67,train,JOB_3845,4950,2859,2091,988,150,150
67,train,JOB_3850,4950,4685,265,241,150,150
67,train,JOB_3898,4950,4686,264,119,150,119
67,train,JOB_3899,4950,3219,1731,1593,150,150
67,train,JOB_3962,4950,1406,3544,2986,150,150
67,train,JOB_3992,4950,2842,2108,1838,150,150
67,train,JOB_4016,4950,1633,3317,2816,150,150
67,train,JOB_4111,4950,2277,2673,2009,150,150
67,train,JOB_4315,4950,2761,2189,1511,150,150
67,train,JOB_4758,4950,4950,0,0,0,0
67,train,JOB_4901,4950,2852,2098,1035,150,150
67,train,JOB_5037,4950,2260,2690,1820,150,150
67,train,JOB_5132,4950,3440,1510,516,150,150
67,train,JOB_530,4950,2965,1985,892,150,150
67,train,JOB_5384,4950,2392,2558,1913,150,150
67,train,JOB_5437,4950,3432,1518,916,150,150
67,train,JOB_5506,4950,1640,3310,2281,150,150
67,train,JOB_5596,4950,2458,2492,1395,150,150
67,train,JOB_5695,4950,3596,1354,720,150,150
67,train,JOB_5802,4950,1103,3847,3468,150,150
67,train,JOB_5912,4950,3023,1927,1260,150,150
67,train,JOB_5933,4950,2955,1995,1372,150,150
67,train,JOB_6023,4950,4143,807,438,150,150
67,train,JOB_6093,4950,2011,2939,2404,150,150
67,train,JOB_6405,4950,3807,1143,649,150,150
67,train,JOB_6573,4950,2496,2454,827,150,150
67,train,JOB_6758,4950,4950,0,0,0,0
67,train,JOB_6822,4950,2449,2501,1913,150,150
67,train,JOB_7032,4950,1660,3290,2096,150,150
67,train,JOB_7122,4950,1598,3352,2736,150,150
67,train,JOB_7295,4950,3126,1824,1212,150,150
67,train,JOB_7460,4950,1515,3435,3111,150,150
67,train,JOB_7528,4950,1486,3464,2992,150,150
67,train,JOB_7546,4950,1444,3506,2670,150,150
67,train,JOB_7553,4950,2004,2946,2478,150,150
67,train,JOB_7568,4950,4753,197,117,150,117
67,train,JOB_8210,4950,2150,2800,2381,150,150
67,train,JOB_8228,4950,3279,1671,1396,150,150
67,train,JOB_8372,4950,3787,1163,474,150,150
67,train,JOB_8387,4950,2083,2867,2140,150,150
67,train,JOB_848,4950,2528,2422,1678,150,150
67,train,JOB_874,4950,3661,1289,795,150,150
67,train,JOB_8808,4950,4851,99,49,99,49
67,train,JOB_8838,4950,1923,3027,2227,150,150
67,train,JOB_8858,4950,2406,2544,635,150,150
67,train,JOB_8941,4950,3011,1939,1243,150,150
67,train,JOB_8988,4950,2082,2868,2037,150,150
67,train,JOB_8997,4950,1156,3794,3543,150,150
67,train,JOB_8998,4950,2848,2102,1290,150,150
67,train,JOB_914,4950,3396,1554,1165,150,150
67,train,JOB_9284,4950,4283,667,422,150,150
67,train,JOB_9406,4950,2360,2590,1871,150,150
67,train,JOB_9429,4950,2132,2818,2275,150,150
67,train,JOB_9586,4950,1876,3074,2590,150,150
67,train,JOB_9659,4950,1997,2953,1755,150,150
67,train,JOB_9765,4950,2481,2469,1611,150,150
67,validation,JOB_10201,4950,1216,3734,3119,150,150
67,validation,JOB_10371,4950,3304,1646,1511,150,150
67,validation,JOB_10677,4950,2550,2400,2040,150,150
67,validation,JOB_10950,4950,2348,2602,1949,150,150
67,validation,JOB_13794,4950,1179,3771,3647,150,150
67,validation,JOB_2081,4950,1730,3220,2800,150,150
67,validation,JOB_2327,4950,1610,3340,2734,150,150
67,validation,JOB_2628,4950,1729,3221,848,150,150
67,validation,JOB_2688,4950,1620,3330,2854,150,150
67,validation,JOB_2921,4950,4562,388,224,150,150
67,validation,JOB_3222,4950,2026,2924,2203,150,150
67,validation,JOB_4001,4950,2906,2044,635,150,150
67,validation,JOB_4626,4950,2138,2812,1416,150,150
67,validation,JOB_4798,4950,3598,1352,666,150,150
67,validation,JOB_5860,4950,1813,3137,2456,150,150
67,validation,JOB_6011,4950,1626,3324,2567,150,150
67,validation,JOB_6163,4950,4198,752,432,150,150
67,validation,JOB_7214,4950,1578,3372,2819,150,150
67,validation,JOB_8277,4950,1876,3074,2497,150,150
67,validation,JOB_8510,4950,2097,2853,2482,150,150
67,validation,JOB_8814,4950,1329,3621,3240,150,150
67,validation,JOB_896,4950,1634,3316,2550,150,150
67,validation,JOB_8984,4950,3677,1273,863,150,150
67,validation,JOB_9693,4950,1479,3471,3192,150,150
89,train,JOB_10046,4950,1756,3194,2792,150,150
89,train,JOB_10117,4950,1260,3690,3093,150,150
89,train,JOB_10204,4950,2163,2787,1760,150,150
89,train,JOB_10330,4950,3220,1730,1180,150,150
89,train,JOB_10337,4950,2482,2468,1442,150,150
89,train,JOB_10339,4950,4203,747,331,150,150
89,train,JOB_10451,4950,1023,3927,3599,150,150
89,train,JOB_10452,4950,1373,3577,2875,150,150
89,train,JOB_10526,4950,1758,3192,2665,150,150
89,train,JOB_10642,4950,4038,912,388,150,150
89,train,JOB_10815,4950,3237,1713,1143,150,150
89,train,JOB_10892,4950,1396,3554,3377,150,150
89,train,JOB_11087,4950,3464,1486,986,150,150
89,train,JOB_11097,4950,1456,3494,3088,150,150
89,train,JOB_11526,4950,1264,3686,3244,150,150
89,train,JOB_11755,4950,2050,2900,2383,150,150
89,train,JOB_11854,4950,2197,2753,2198,150,150
89,train,JOB_11861,4950,1277,3673,2922,150,150
89,train,JOB_11897,4950,2942,2008,1614,150,150
89,train,JOB_11973,4950,3370,1580,1040,150,150
89,train,JOB_12087,4950,1456,3494,2558,150,150
89,train,JOB_12093,4950,3218,1732,1111,150,150
89,train,JOB_12097,4950,2656,2294,972,150,150
89,train,JOB_12302,4950,2332,2618,1682,150,150
89,train,JOB_12962,4950,3687,1263,768,150,150
89,train,JOB_13121,4950,2304,2646,1219,150,150
89,train,JOB_13209,4950,2480,2470,1770,150,150
89,train,JOB_13315,4950,4583,367,214,150,150
89,train,JOB_13526,4950,3155,1795,1103,150,150
89,train,JOB_13832,4950,4950,0,0,0,0
89,train,JOB_14044,4950,4562,388,184,150,150
89,train,JOB_14098,4950,1485,3465,2700,150,150
89,train,JOB_14292,4950,1998,2952,2281,150,150
89,train,JOB_14384,4950,1848,3102,2955,150,150
89,train,JOB_1662,4950,4466,484,274,150,150
89,train,JOB_1695,4950,2292,2658,2181,150,150
89,train,JOB_1726,4950,1794,3156,2477,150,150
89,train,JOB_181,4950,2941,2009,1393,150,150
89,train,JOB_2031,4950,2636,2314,1966,150,150
89,train,JOB_2131,4950,1721,3229,2366,150,150
89,train,JOB_2300,4950,3032,1918,1191,150,150
89,train,JOB_2418,4950,4950,0,0,0,0
89,train,JOB_2464,4950,2866,2084,1391,150,150
89,train,JOB_2783,4950,1617,3333,2360,150,150
89,train,JOB_2808,4950,4376,574,252,150,150
89,train,JOB_2814,4950,2960,1990,1030,150,150
89,train,JOB_2947,4950,2727,2223,1293,150,150
89,train,JOB_2967,4950,4950,0,0,0,0
89,train,JOB_302,4950,2058,2892,2355,150,150
89,train,JOB_3027,4950,3581,1369,710,150,150
89,train,JOB_3037,4950,2011,2939,2624,150,150
89,train,JOB_3102,4950,976,3974,3737,150,150
89,train,JOB_3123,4950,1972,2978,2536,150,150
89,train,JOB_3311,4950,4390,560,314,150,150
89,train,JOB_369,4950,2973,1977,1327,150,150
89,train,JOB_3701,4950,4003,947,429,150,150
89,train,JOB_3845,4950,2859,2091,988,150,150
89,train,JOB_3850,4950,4685,265,241,150,150
89,train,JOB_3898,4950,4686,264,119,150,119
89,train,JOB_3899,4950,3219,1731,1593,150,150
89,train,JOB_3962,4950,1406,3544,2986,150,150
89,train,JOB_3992,4950,2842,2108,1838,150,150
89,train,JOB_4016,4950,1633,3317,2816,150,150
89,train,JOB_4111,4950,2277,2673,2009,150,150
89,train,JOB_4315,4950,2761,2189,1511,150,150
89,train,JOB_4758,4950,4950,0,0,0,0
89,train,JOB_4901,4950,2852,2098,1035,150,150
89,train,JOB_5037,4950,2260,2690,1820,150,150
89,train,JOB_5132,4950,3440,1510,516,150,150
89,train,JOB_530,4950,2965,1985,892,150,150
89,train,JOB_5384,4950,2392,2558,1913,150,150
89,train,JOB_5437,4950,3432,1518,916,150,150
89,train,JOB_5506,4950,1640,3310,2281,150,150
89,train,JOB_5596,4950,2458,2492,1395,150,150
89,train,JOB_5695,4950,3596,1354,720,150,150
89,train,JOB_5802,4950,1103,3847,3468,150,150
89,train,JOB_5912,4950,3023,1927,1260,150,150
89,train,JOB_5933,4950,2955,1995,1372,150,150
89,train,JOB_6023,4950,4143,807,438,150,150
89,train,JOB_6093,4950,2011,2939,2404,150,150
89,train,JOB_6405,4950,3807,1143,649,150,150
89,train,JOB_6573,4950,2496,2454,827,150,150
89,train,JOB_6758,4950,4950,0,0,0,0
89,train,JOB_6822,4950,2449,2501,1913,150,150
89,train,JOB_7032,4950,1660,3290,2096,150,150
89,train,JOB_7122,4950,1598,3352,2736,150,150
89,train,JOB_7295,4950,3126,1824,1212,150,150
89,train,JOB_7460,4950,1515,3435,3111,150,150
89,train,JOB_7528,4950,1486,3464,2992,150,150
89,train,JOB_7546,4950,1444,3506,2670,150,150
89,train,JOB_7553,4950,2004,2946,2478,150,150
89,train,JOB_7568,4950,4753,197,117,150,117
89,train,JOB_8210,4950,2150,2800,2381,150,150
89,train,JOB_8228,4950,3279,1671,1396,150,150
89,train,JOB_8372,4950,3787,1163,474,150,150
89,train,JOB_8387,4950,2083,2867,2140,150,150
89,train,JOB_848,4950,2528,2422,1678,150,150
89,train,JOB_874,4950,3661,1289,795,150,150
89,train,JOB_8808,4950,4851,99,49,99,49
89,train,JOB_8838,4950,1923,3027,2227,150,150
89,train,JOB_8858,4950,2406,2544,635,150,150
89,train,JOB_8941,4950,3011,1939,1243,150,150
89,train,JOB_8988,4950,2082,2868,2037,150,150
89,train,JOB_8997,4950,1156,3794,3543,150,150
89,train,JOB_8998,4950,2848,2102,1290,150,150
89,train,JOB_914,4950,3396,1554,1165,150,150
89,train,JOB_9284,4950,4283,667,422,150,150
89,train,JOB_9406,4950,2360,2590,1871,150,150
89,train,JOB_9429,4950,2132,2818,2275,150,150
89,train,JOB_9586,4950,1876,3074,2590,150,150
89,train,JOB_9659,4950,1997,2953,1755,150,150
89,train,JOB_9765,4950,2481,2469,1611,150,150
89,validation,JOB_10201,4950,1216,3734,3119,150,150
89,validation,JOB_10371,4950,3304,1646,1511,150,150
89,validation,JOB_10677,4950,2550,2400,2040,150,150
89,validation,JOB_10950,4950,2348,2602,1949,150,150
89,validation,JOB_13794,4950,1179,3771,3647,150,150
89,validation,JOB_2081,4950,1730,3220,2800,150,150
89,validation,JOB_2327,4950,1610,3340,2734,150,150
89,validation,JOB_2628,4950,1729,3221,848,150,150
89,validation,JOB_2688,4950,1620,3330,2854,150,150
89,validation,JOB_2921,4950,4562,388,224,150,150
89,validation,JOB_3222,4950,2026,2924,2203,150,150
89,validation,JOB_4001,4950,2906,2044,635,150,150
89,validation,JOB_4626,4950,2138,2812,1416,150,150
89,validation,JOB_4798,4950,3598,1352,666,150,150
89,validation,JOB_5860,4950,1813,3137,2456,150,150
89,validation,JOB_6011,4950,1626,3324,2567,150,150
89,validation,JOB_6163,4950,4198,752,432,150,150
89,validation,JOB_7214,4950,1578,3372,2819,150,150
89,validation,JOB_8277,4950,1876,3074,2497,150,150
89,validation,JOB_8510,4950,2097,2853,2482,150,150
89,validation,JOB_8814,4950,1329,3621,3240,150,150
89,validation,JOB_896,4950,1634,3316,2550,150,150
89,validation,JOB_8984,4950,3677,1273,863,150,150
89,validation,JOB_9693,4950,1479,3471,3192,150,150
