pair_id,job_id,cand_id,job_title,loc_match,skill_iou,exp_score,role_match,desc_sem_sim,heuristic_score,heuristic_label,legacy_composite_quality,legacy_gold_relevance,legacy_gold_label_binary,gold_relevance,gold_label_binary,stratum
5244,JOB_74,CV_099,Nhân Viên Hành Chính - Giám Sát,1.0,0.11083873932307964,1.0,0.07749170844806204,0.2486610143951488,0.564199542537494,1,0.28744867006858926,1,1,1,1,Boundary/Ambiguous
176,JOB_02,CV_037,nhân viên sale admin,1.0,0.011511752003328858,1.0,0.0,0.26807625915804617,0.5296855639166368,1,0.24785580390648126,0,0,0,0,Easy Negative
1023,JOB_14,CV_073,Cần tuyển nhân viên làm việc fulltime cho siêu thị tại quận bình thạnh,0.0,0.053555335097666835,1.0,0.04565267141605494,0.10479376203770124,0.23071611069059508,0,0.21227008470978706,0,0,0,0,Boundary/Ambiguous
1669,JOB_23,CV_088,Chuyên Viên Đào Tạo Mảng Telesales (Lương 10-15M/Tháng),0.0,0.04364150691043445,1.0,0.0,0.2101224951141247,0.2319226262390211,0,0.2388174007085957,0,0,0,0,Easy Negative
4241,JOB_60,CV_024,Cần tuyển 2 bạn phụ chị làm việc vào dịp cuối năm ở quận Gò Vấp,0.0,0.050960653206339114,1.0,0.0,0.14635068246008512,0.22737523154759332,0,0.21905896748324846,0,0,0,0,Easy Negative
1651,JOB_23,CV_109,Chuyên Viên Đào Tạo Mảng Telesales (Lương 10-15M/Tháng),0.0,0.043741960064716645,1.0,0.0,0.037524866723352625,0.21468797668851444,0,0.17844338937582424,0,0,0,0,Easy Negative
3701,JOB_52,CV_053,Chuyên Viên Cao Cấp Triển Khai Back-End - MSB Df - Dxn - 1M344,1.0,0.14882533714287405,1.0,0.0,0.17956881668345967,0.5551632159540645,1,0.2649379538392168,1,1,1,1,Easy Positive
1470,JOB_21,CV_049,BIÊN TẬP VIÊN,0.0,0.08781911305016571,1.0,0.06674183893954201,0.1742972915304977,0.24939578325652254,0,0.2517520174441635,1,1,1,1,Boundary/Ambiguous
121,JOB_01,CV_105,Trưởng Ca Phục Vụ Nhà Hàng,1.0,0.17800106836351326,0.44932896411722156,0.0,0.2497090725244013,0.45933696716676276,1,0.21709789392835332,0,0,0,0,Easy Positive
1677,JOB_23,CV_106,Chuyên Viên Đào Tạo Mảng Telesales (Lương 10-15M/Tháng),1.0,0.15005315278776846,1.0,0.03353098420987642,0.2580771660116183,0.5683506524295855,1,0.2978752592112668,1,1,1,1,Easy Positive
173,JOB_02,CV_052,nhân viên sale admin,1.0,0.1579236285589108,1.0,0.0,0.18637800207056593,0.5581187073467844,1,0.27050557072031683,1,1,1,1,Easy Positive
5240,JOB_74,CV_102,Nhân Viên Hành Chính - Giám Sát,0.0,0.02342144630105556,1.0,0.0,0.19398580519327127,0.22525394209459104,0,0.22609253802301438,0,0,0,0,Easy Negative
4262,JOB_60,CV_119,Cần tuyển 2 bạn phụ chị làm việc vào dịp cuối năm ở quận Gò Vấp,0.0,0.10267612925605879,1.0,0.0,0.1357534163891707,0.23924437395293177,0,0.2334503409758303,0,0,0,0,Boundary/Ambiguous
4973,JOB_71,CV_027,Kế Toán Nội Bộ,0.0,0.04177777854296863,1.0,0.0,0.19257072152874438,0.2297015167886166,0,0.23202197502509952,0,0,0,0,Easy Negative
119,JOB_01,CV_081,Trưởng Ca Phục Vụ Nhà Hàng,0.0,0.14039337545154068,1.0,0.0,0.28474342260672036,0.2635726861235572,0,0.29879787932039137,1,1,1,1,Boundary/Ambiguous
1453,JOB_20,CV_031,Nhân Viên Tư Vấn Khóa Học,1.0,0.1567974717378711,1.0,0.05753098072130113,0.22465621196397093,0.57029463623906,1,0.2921384364038399,1,1,1,1,Easy Positive
1477,JOB_21,CV_101,BIÊN TẬP VIÊN,0.0,0.19028840574513622,1.0,0.04013769000002626,0.13554778938488782,0.26714753387477674,0,0.2700633217955123,1,1,1,1,Boundary/Ambiguous
5245,JOB_74,CV_067,Nhân Viên Hành Chính - Giám Sát,0.0,0.14107126727108413,1.0,0.13293470457984785,0.3157187258624542,0.28677989509099366,0,0.3298167032837156,1,1,1,1,Boundary/Ambiguous
2058,JOB_29,CV_060,Nhân viên Telesale,1.0,0.12513638245227052,1.0,0.0,0.12283662776834477,0.543567758389902,1,0.23679055357721535,0,0,0,0,Easy Positive
1520,JOB_21,CV_043,BIÊN TẬP VIÊN,0.0,0.014000702426613155,1.0,0.0403974540513056,0.2029970191191277,0.2298594956262619,0,0.23200882064870515,0,0,0,0,Easy Negative
3614,JOB_51,CV_066,Pm/Leader,0.0,0.006398892028864945,1.0,0.0,0.10459467581401875,0.2120591905886181,0,0.1888477487450093,0,0,0,0,Easy Negative
999,JOB_14,CV_006,Cần tuyển nhân viên làm việc fulltime cho siêu thị tại quận bình thạnh,0.0,0.08996844159451185,1.0,0.056032573113261555,0.0739388768580523,0.23829088405142246,0,0.21577244742538668,0,0,0,0,Boundary/Ambiguous
4200,JOB_60,CV_010,Cần tuyển 2 bạn phụ chị làm việc vào dịp cuối năm ở quận Gò Vấp,1.0,0.15797714759036857,1.0,0.0,0.08928254813603555,0.5484225417111958,1,0.23654089350424143,0,0,0,0,Easy Positive
77,JOB_01,CV_027,Trưởng Ca Phục Vụ Nhà Hàng,1.0,0.05615447248817116,0.44932896411722156,0.0,0.1814279186372512,0.4220472028092122,0,0.15055318151148106,0,0,0,0,Easy Negative
2035,JOB_29,CV_030,Nhân viên Telesale,0.0,0.05223248650217205,1.0,0.20916739971388432,0.23538922020499242,0.26797215360312493,0,0.2820427073045902,1,1,1,1,Boundary/Ambiguous
1670,JOB_23,CV_086,Chuyên Viên Đào Tạo Mảng Telesales (Lương 10-15M/Tháng),1.0,0.21829261553060225,1.0,0.02967007953442976,0.1543334414206712,0.5744570099548821,1,0.2848696318631101,1,1,1,1,Easy Positive
1412,JOB_20,CV_022,Nhân Viên Tư Vấn Khóa Học,1.0,0.010003715364222444,1.0,0.04878284521781869,0.3228024355104793,0.5420985991747763,1,0.2737995795888184,1,1,1,1,Easy Negative
1624,JOB_23,CV_098,Chuyên Viên Đào Tạo Mảng Telesales (Lương 10-15M/Tháng),1.0,0.09787850748131775,1.0,0.036656982691747886,0.15638457999518898,0.5456066322736106,1,0.24449062802053953,0,0,0,0,Boundary/Ambiguous
1468,JOB_20,CV_116,Nhân Viên Tư Vấn Khóa Học,1.0,0.18480537408514658,1.0,0.12208268476357459,0.24048657317603817,0.5885624035534267,1,0.3171645842559509,1,1,1,1,Easy Positive
204,JOB_02,CV_094,nhân viên sale admin,1.0,0.08484440184939526,1.0,0.15306690639620296,0.21778408068913302,0.5659495444906925,1,0.27888000484791536,1,1,1,1,Boundary/Ambiguous
986,JOB_14,CV_083,Cần tuyển nhân viên làm việc fulltime cho siêu thị tại quận bình thạnh,1.0,0.19324868214135965,1.0,0.07545423066284702,0.06299960256678527,0.5659302653914456,1,0.25100503424727777,1,1,1,1,Easy Positive
191,JOB_02,CV_084,nhân viên sale admin,0.0,0.016269756128379952,1.0,0.08573004915905563,0.2980250089430349,0.24672944730025687,0,0.27286267514885354,1,1,1,1,Easy Negative
3617,JOB_51,CV_074,Pm/Leader,0.0,0.10710438321719272,1.0,0.0,0.2826150910021944,0.25503760490451766,0,0.2864018159767855,1,1,1,1,Boundary/Ambiguous
3615,JOB_51,CV_005,Pm/Leader,1.0,0.1880359669458483,1.0,0.0,0.20565119384534053,0.5675741111209961,1,0.28779050627691605,1,1,1,1,Easy Positive
130,JOB_01,CV_004,Trưởng Ca Phục Vụ Nhà Hàng,0.0,0.11816665211380216,1.0,0.0,0.3378262408509104,0.2633242871135416,0,0.30959751253764933,1,1,1,1,Boundary/Ambiguous
3685,JOB_52,CV_078,Chuyên Viên Cao Cấp Triển Khai Back-End - MSB Df - Dxn - 1M344,1.0,0.1643298667760145,1.0,0.028546103322075557,0.14762040216992084,0.5601264224093071,1,0.26346450962938867,1,1,1,1,Easy Positive
1400,JOB_20,CV_078,Nhân Viên Tư Vấn Khóa Học,0.0,0.17226392516301817,1.0,0.11167183642826853,0.25154734695497544,0.2849714914504924,0,0.315084720705538,1,1,1,1,Boundary/Ambiguous
4243,JOB_60,CV_089,Cần tuyển 2 bạn phụ chị làm việc vào dịp cuối năm ở quận Gò Vấp,0.0,0.08693146361021685,1.0,0.0,0.07885623675499563,0.22961848957805378,0,0.20802569512782437,0,0,0,0,Boundary/Ambiguous
5027,JOB_71,CV_050,Kế Toán Nội Bộ,0.0,0.04755659361291903,1.0,0.0,0.3114898280496857,0.24303813120819834,0,0.27566624758191166,1,1,1,1,Easy Negative
1483,JOB_21,CV_065,BIÊN TẬP VIÊN,1.0,0.17712395284835467,1.0,0.0,0.2730388235920685,0.5715848705712956,1,0.3075569717541481,1,1,1,1,Easy Positive
85,JOB_01,CV_046,Trưởng Ca Phục Vụ Nhà Hàng,0.0,0.003091323305773486,0.44932896411722156,0.0,0.12432583350294517,0.1030712070001822,0,0.11199534950063476,0,0,0,0,Easy Negative
1635,JOB_23,CV_004,Chuyên Viên Đào Tạo Mảng Telesales (Lương 10-15M/Tháng),1.0,0.02520040557279886,1.0,0.014068379887582718,0.19804845167973384,0.5282152035443105,1,0.23024735702152385,0,0,0,0,Easy Negative
1517,JOB_21,CV_074,BIÊN TẬP VIÊN,1.0,0.18850918793538107,1.0,0.024859327239226195,0.20648035288745317,0.5715042313584745,1,0.29197523837387584,1,1,1,1,Easy Positive
3654,JOB_52,CV_012,Chuyên Viên Cao Cấp Triển Khai Back-End - MSB Df - Dxn - 1M344,0.0,0.058478204769548084,1.0,0.03027363648960161,0.1869145959489478,0.2378520562607221,0,0.2404285257249138,0,0,0,0,Boundary/Ambiguous
1045,JOB_14,CV_079,Cần tuyển nhân viên làm việc fulltime cho siêu thị tại quận bình thạnh,1.0,0.18962166403428846,1.0,0.034634826202434965,0.056361276808323986,0.5582367676197698,1,0.2412892532252796,0,0,0,0,Easy Positive
4970,JOB_71,CV_005,Kế Toán Nội Bộ,1.0,0.1745897460818004,1.0,0.0,0.2808131963358493,0.5717287561540351,1,0.3093910298461774,1,1,1,1,Easy Positive
3593,JOB_51,CV_095,Pm/Leader,0.0,0.060643909343718244,1.0,0.0,0.08310457471132943,0.2234714348070625,0,0.20031196941926668,0,0,0,0,Boundary/Ambiguous
2071,JOB_29,CV_063,Nhân viên Telesale,1.0,0.14997198625765376,1.0,0.19717256868525715,0.14998147070460843,0.5820670289376629,1,0.28455959523958035,1,1,1,1,Easy Positive
2072,JOB_29,CV_036,Nhân viên Telesale,0.0,0.18260829337797121,1.0,0.16929962396817475,0.1996367746195571,0.29101069440167476,0,0.30918071739436115,1,1,1,1,Boundary/Ambiguous
2094,JOB_29,CV_052,Nhân viên Telesale,1.0,0.15973115607132732,1.0,0.0,0.16584093368119635,0.5565168823859514,1,0.26395023141338325,1,1,1,1,Easy Positive
3694,JOB_52,CV_106,Chuyên Viên Cao Cấp Triển Khai Back-End - MSB Df - Dxn - 1M344,1.0,0.16237792871366336,1.0,0.028546103322075557,0.23408885764127393,0.5682852834408546,1,0.2930452907225393,1,1,1,1,Easy Positive
4205,JOB_60,CV_029,Cần tuyển 2 bạn phụ chị làm việc vào dịp cuối năm ở quận Gò Vấp,1.0,0.1645472972086863,1.0,0.0,0.12269956006645451,0.5534067803088171,1,0.2505364000462993,1,1,1,1,Easy Positive
164,JOB_02,CV_045,nhân viên sale admin,1.0,0.19012142938751123,1.0,0.15306690639620296,0.29033366851979414,0.5995237601582877,1,0.3411193202269874,1,1,1,1,Easy Positive
1008,JOB_14,CV_088,Cần tuyển nhân viên làm việc fulltime cho siêu thị tại quận bình thạnh,0.0,0.014848174597677288,1.0,0.0,0.14113161261915375,0.2178252049113347,0,0.20459292552589087,0,0,0,0,Easy Negative
5231,JOB_74,CV_064,Nhân Viên Hành Chính - Giám Sát,1.0,0.23306222086632658,1.0,0.08308110881622384,0.2617889997974806,0.5969066215187633,1,0.3356600935547661,1,1,1,1,Easy Positive
1415,JOB_20,CV_015,Nhân Viên Tư Vấn Khóa Học,1.0,0.07119420649767887,1.0,0.0,0.21208945898916054,0.5390074975233358,1,0.2491492829203938,0,0,0,0,Boundary/Ambiguous
3576,JOB_51,CV_077,Pm/Leader,1.0,0.1753120981577435,1.0,0.0,0.22530447016429328,0.5663584715558652,1,0.2902157989127129,1,1,1,1,Easy Positive
2030,JOB_29,CV_009,Nhân viên Telesale,0.0,0.14845427845045736,1.0,0.10097835975417432,0.20739501641087194,0.27299982521682764,0,0.28969400716459137,1,1,1,1,Boundary/Ambiguous
3572,JOB_51,CV_119,Pm/Leader,0.0,0.019011307366512888,1.0,0.0,0.21743798702415154,0.2264966255440434,0,0.23275725303673256,0,0,0,0,Easy Negative
3674,JOB_52,CV_027,Chuyên Viên Cao Cấp Triển Khai Back-End - MSB Df - Dxn - 1M344,0.0,0.05440051474619794,1.0,0.021575412970657473,0.1424319567971102,0.23107963631185913,0,0.22212767698575644,0,0,0,0,Boundary/Ambiguous
4204,JOB_60,CV_115,Cần tuyển 2 bạn phụ chị làm việc vào dịp cuối năm ở quận Gò Vấp,0.0,0.05827687720414643,1.0,0.0,0.05919130648675685,0.2204883499497123,0,0.19111386429181615,0,0,0,0,Easy Negative
1648,JOB_23,CV_067,Chuyên Viên Đào Tạo Mảng Telesales (Lương 10-15M/Tháng),0.0,0.11417548336789525,1.0,0.036656982691747886,0.15807539644527527,0.24984995789026354,0,0.25078635533837185,1,1,1,1,Boundary/Ambiguous
5025,JOB_71,CV_076,Kế Toán Nội Bộ,0.0,0.05997714801116099,1.0,0.0,0.2818235043381341,0.24317663743660367,0,0.26963022832225325,1,1,1,1,Easy Negative
156,JOB_02,CV_114,nhân viên sale admin,0.0,0.06400992020612235,1.0,0.03724270449376445,0.3258643909600487,0.25417532482160016,0,0.2920424145822245,1,1,1,1,Easy Negative
3693,JOB_52,CV_084,Chuyên Viên Cao Cấp Triển Khai Back-End - MSB Df - Dxn - 1M344,0.0,0.05381044574843259,1.0,0.015988164252607687,0.13919211125197034,0.22977004720019636,0,0.21994911958803218,0,0,0,0,Easy Negative
1487,JOB_21,CV_099,BIÊN TẬP VIÊN,0.0,0.14626330394065926,1.0,0.04253294387299526,0.2545988541834559,0.2684056529844597,0,0.29668169692438956,1,1,1,1,Boundary/Ambiguous
2043,JOB_29,CV_029,Nhân viên Telesale,0.0,0.052266603577076756,1.0,0.08027519515225198,0.12810376126216538,0.23791830629332356,0,0.22517090696657252,0,0,0,0,Easy Negative
163,JOB_02,CV_112,nhân viên sale admin,0.0,0.190012393410161,1.0,0.13544211104685594,0.35191521830745726,0.3030109368403143,0,0.35999098075819475,1,1,1,1,Boundary/Ambiguous
5031,JOB_71,CV_110,Kế Toán Nội Bộ,0.0,0.13210648308729722,1.0,0.0,0.12513086932614934,0.24553970770443925,0,0.24003307334470628,0,0,0,0,Boundary/Ambiguous
5011,JOB_71,CV_065,Kế Toán Nội Bộ,0.0,0.07814348845092484,1.0,0.9436873960144305,0.3695732155715046,0.39804630307204625,0,0.4482539558100148,1,1,1,1,Boundary/Ambiguous
991,JOB_14,CV_041,Cần tuyển nhân viên làm việc fulltime cho siêu thị tại quận bình thạnh,0.0,0.13986307502524073,1.0,0.047151871138045615,0.07796056825550107,0.24983460625256715,0,0.23331105581896647,0,0,0,0,Boundary/Ambiguous
5181,JOB_74,CV_047,Nhân Viên Hành Chính - Giám Sát,0.0,0.07611743897955342,1.0,0.0,0.061275574930754584,0.2251569172379638,0,0.1980875548686078,0,0,0,0,Easy Negative
3623,JOB_51,CV_114,Pm/Leader,0.0,0.010809525469945314,1.0,0.0,0.2125513973122273,0.22395752109870906,0,0.2281763229737604,0,0,0,0,Easy Negative
1409,JOB_20,CV_017,Nhân Viên Tư Vấn Khóa Học,0.0,0.040804933147715744,1.0,0.0,0.13961344191602168,0.2241625774785311,0,0.2131464312723081,0,0,0,0,Easy Negative
1024,JOB_14,CV_039,Cần tuyển nhân viên làm việc fulltime cho siêu thị tại quận bình thạnh,0.0,0.1578321693177463,1.0,0.07182594749138599,0.12862585898022905,0.26309452035116737,0,0.26103420202799926,1,1,1,1,Boundary/Ambiguous
1458,JOB_20,CV_014,Nhân Viên Tư Vấn Khóa Học,0.0,0.04021974548853349,1.0,0.040741872774673116,0.10547052205798545,0.2267132694941329,0,0.20710287455748258,0,0,0,0,Easy Negative
1405,JOB_20,CV_106,Nhân Viên Tư Vấn Khóa Học,0.0,0.04583439024283242,1.0,0.11167183642826853,0.3210554151296836,0.2603149145379168,0,0.29516220734462084,1,1,1,1,Boundary/Ambiguous
3683,JOB_52,CV_090,Chuyên Viên Cao Cấp Triển Khai Back-End - MSB Df - Dxn - 1M344,0.0,0.0021344575697668233,1.0,0.0,0.1211465239161199,0.2126482667840537,0,0.19314834352006033,0,0,0,0,Easy Negative
4263,JOB_60,CV_086,Cần tuyển 2 bạn phụ chị làm việc vào dịp cuối năm ở quận Gò Vấp,0.0,0.16506425696836677,1.0,0.0,0.10451024089382185,0.2517170883314739,0,0.244351074251766,0,0,0,0,Boundary/Ambiguous
2042,JOB_29,CV_028,Nhân viên Telesale,1.0,0.026636425133504685,1.0,0.09149003179262684,0.14417651046327828,0.5348002620985981,1,0.22350803222776808,0,0,0,0,Easy Negative
5036,JOB_71,CV_003,Kế Toán Nội Bộ,0.0,0.07188900523644784,1.0,0.0,0.19233148060382438,0.23720539936949442,0,0.24247717004409525,0,0,0,0,Boundary/Ambiguous
125,JOB_01,CV_040,Trưởng Ca Phục Vụ Nhà Hàng,0.0,0.1156560281992348,1.0,0.0,0.20277986744279214,0.24919199379408793,0,0.2614525634747094,1,1,1,1,Boundary/Ambiguous
1484,JOB_21,CV_050,BIÊN TẬP VIÊN,0.0,0.04438009215687458,1.0,0.0403974540513056,0.1806284134918914,0.23521748249610364,0,0.23481259508476393,0,0,0,0,Easy Negative
5204,JOB_74,CV_005,Nhân Viên Hành Chính - Giám Sát,1.0,0.16951480595805252,1.0,0.0612589622759648,0.2211863131256556,0.5736861771434735,1,0.2959342360206925,1,1,1,1,Easy Positive
3582,JOB_51,CV_099,Pm/Leader,1.0,0.1738198137449457,1.0,0.0,0.2578539346031225,0.5692403468965488,1,0.3010858119218238,1,1,1,1,Easy Positive
5203,JOB_74,CV_079,Nhân Viên Hành Chính - Giám Sát,0.0,0.010669798909972151,1.0,0.0641017703239799,0.11486705258324018,0.22376942053441404,0,0.20355316357122127,0,0,0,0,Easy Negative
5037,JOB_71,CV_098,Kế Toán Nội Bộ,1.0,0.18534150086781812,1.0,0.0,0.19257072152874438,0.5655924473698289,1,0.28226927783879685,1,1,1,1,Easy Positive
4266,JOB_60,CV_079,Cần tuyển 2 bạn phụ chị làm việc vào dịp cuối năm ở quận Gò Vấp,1.0,0.16818476875469202,1.0,0.0,0.05957495486271364,0.5480036876749443,1,0.22971590326609198,0,0,0,0,Easy Positive
5192,JOB_74,CV_004,Nhân Viên Hành Chính - Giám Sát,1.0,0.19811899604213135,1.0,0.051018272289330834,0.22551800400408797,0.5797342902543413,1,0.3059256908595763,1,1,1,1,Easy Positive
196,JOB_02,CV_030,nhân viên sale admin,0.0,0.16255991345150053,1.0,0.1673368996067916,0.4201188702155575,0.3077524003254496,0,0.379038109224489,1,1,1,1,Boundary/Ambiguous
5209,JOB_74,CV_092,Nhân Viên Hành Chính - Giám Sát,0.0,0.059389019190714404,1.0,0.13293470457984785,0.12982719056179196,0.247770179540835,0,0.23616587910035441,0,0,0,0,Boundary/Ambiguous
3646,JOB_52,CV_057,Chuyên Viên Cao Cấp Triển Khai Back-End - MSB Df - Dxn - 1M344,0.0,0.02739644446190557,1.0,0.029417769687229513,0.09294641018611785,0.2205564175871726,0,0.1965326645798926,0,0,0,0,Boundary/Ambiguous
3584,JOB_51,CV_010,Pm/Leader,0.0,0.08790155608951036,1.0,0.0,0.26362596273816885,0.2483379852961945,0,0.2730346315896877,1,1,1,1,Boundary/Ambiguous
3640,JOB_52,CV_073,Chuyên Viên Cao Cấp Triển Khai Back-End - MSB Df - Dxn - 1M344,1.0,0.061945844350266004,1.0,0.019835450969861796,0.1771253130395297,0.5361743100369988,1,0.23665022273190772,0,0,0,0,Boundary/Ambiguous
202,JOB_02,CV_009,nhân viên sale admin,1.0,0.15542938318548738,1.0,0.08078412635887028,0.30917069423406823,0.5818920341736092,1,0.32472764605067506,1,1,1,1,Easy Positive
2046,JOB_29,CV_010,Nhân viên Telesale,0.0,0.10274157104306098,1.0,0.20916739971388432,0.1926143763968217,0.2763219403575301,0,0.2847496915610416,1,1,1,1,Boundary/Ambiguous
83,JOB_01,CV_062,Trưởng Ca Phục Vụ Nhà Hàng,0.0,0.1829728780440897,0.44932896411722156,0.0,0.23954637527155595,0.15956364986162233,0,0.21528108327805923,0,0,0,0,Boundary/Ambiguous
988,JOB_14,CV_048,Cần tuyển nhân viên làm việc fulltime cho siêu thị tại quận bình thạnh,1.0,0.14153766526612374,1.0,0.019443122585394698,0.12311573569719765,0.5506124582740599,1,0.24554515872497168,0,0,0,0,Easy Positive
1615,JOB_23,CV_020,Chuyên Viên Đào Tạo Mảng Telesales (Lương 10-15M/Tháng),0.0,0.15540985713035124,1.0,0.036656982691747886,0.15665720426278282,0.26001673211262827,0,0.26472201889135916,1,1,1,1,Boundary/Ambiguous
110,JOB_01,CV_092,Trưởng Ca Phục Vụ Nhà Hàng,0.0,0.058718368852898675,0.44932896411722156,0.0,0.10390220280740294,0.11493560531740928,0,0.1243165446986888,0,0,0,0,Easy Negative
